{"cameraMode":{"drawMode":0,"name":"Shaded","section":"Shading Mode"},"sceneLighting":false,"audioPlay":false,"sceneViewState":{"m_AlwaysRefresh":false,"showFog":true,"showSkybox":true,"showFlares":true,"showImageEffects":true,"showParticleSystems":true,"showVisualEffectGraphs":true,"m_FxEnabled":true},"in2DMode":false,"pivot":{"x":-0.22702360153198243,"y":-2.337470293045044,"z":2.8502488136291506},"rotation":{"x":-0.13259661197662354,"y":0.7553759813308716,"z":-0.16124656796455384,"w":-0.6211551427841187},"size":6.4141435623168949,"orthographic":false}