{"cameraMode":{"drawMode":0,"name":"Shaded","section":"Shading Mode"},"sceneLighting":false,"audioPlay":false,"sceneViewState":{"showFog":true,"showMaterialUpdate":false,"showSkybox":false,"showFlares":true,"showImageEffects":true,"showParticleSystems":true},"in2DMode":false,"pivot":{"x":-0.0015857517719268799,"y":0.9627465605735779,"z":2.578325033187866},"rotation":{"x":-0.11105316877365112,"y":0.6709721088409424,"z":-0.10264987498521805,"w":-0.7258980870246887},"size":0.1732049584388733,"orthographic":false}