{"cameraMode":{"drawMode":0,"name":"Shaded","section":"Shading Mode"},"sceneLighting":false,"audioPlay":false,"sceneViewState":{"showFog":true,"showMaterialUpdate":false,"showSkybox":true,"showFlares":true,"showImageEffects":true,"showParticleSystems":true},"in2DMode":false,"pivot":{"x":0.07789316028356552,"y":2.936289072036743,"z":4.407316207885742},"rotation":{"x":-0.002149762585759163,"y":-0.6974934935569763,"z":-0.002092487644404173,"w":0.7165848612785339},"size":5.05081844329834,"orthographic":true}