{"cameraMode":{"drawMode":0,"name":"Shaded","section":"Shading Mode"},"sceneLighting":false,"audioPlay":false,"sceneViewState":{"showFog":true,"showMaterialUpdate":false,"showSkybox":true,"showFlares":true,"showImageEffects":true,"showParticleSystems":true},"in2DMode":false,"pivot":{"x":-0.06199049949645996,"y":0.6611030101776123,"z":1.9774799346923829},"rotation":{"x":-0.11303360760211945,"y":0.6566905379295349,"z":-0.10046497732400894,"w":-0.7388431429862976},"size":1.3510786294937134,"orthographic":false}